{
    "fed_avg": [
        {
            "losses": [
                0.36567392970677004,
                0.5781959301911933,
                0.5422533797904273,
                0.3972851066746218,
                0.5268923385644867,
                0.5102458777265867,
                0.47021970697819365,
                0.5383594097043235,
                0.5196034652185082,
                0.5106683448166159,
                0.5026623169550473,
                0.4892160715132034,
                0.5177739853992178,
                0.5132159402451754,
                0.5120693868638987,
                0.5116406212972776,
                0.5113781853780314,
                0.5111582720520204,
                0.5109524408694597,
                0.5107540467354938,
                0.510561440511411,
                0.5103741185662496,
                0.5101918423946067,
                0.5100144379741351,
                0.5098417500898236,
                0.5096736318456463,
                0.5095099421388533,
                0.5093505449347461,
                0.5091953089526223,
                0.5090441074506222,
                0.5088968180392881,
                0.5087533225078539,
                0.508613506659391,
                0.5084772601536403,
                0.5083444763569841,
                0.5082150521991547,
                0.5080888880363326,
                0.5079658875203089,
                0.5078459574734093,
                0.507729007768886,
                0.5076149512165108,
                0.5075037034531117,
                0.5073951828378052,
                0.5072893103517008,
                0.5071860095018546,
                0.5070852062292712,
                0.5069868288207571,
                0.5068908078244394,
                0.5067970759687804,
                0.5067055680849195
            ],
            "ROC_AUCs": [
                0.7429197275788184,
                0.7450394092439547,
                0.7408784817875728,
                0.7412630088766452,
                0.7417661463116009,
                0.742483547597184,
                0.7436141720232629,
                0.7440733088460361,
                0.7446854912764003,
                0.7452613253749618,
                0.7459002907866545,
                0.7465564738292011,
                0.7475130088766452,
                0.7479511019283747,
                0.7484427609427609,
                0.7489592898683808,
                0.7494184266911541,
                0.7498737373737374,
                0.7503022650749924,
                0.7506734006734006,
                0.7511478420569329,
                0.7515476737067645,
                0.7519723752678298,
                0.752291857973676,
                0.752636210590756,
                0.7529824762779308,
                0.7533459595959596,
                0.7537094429139883,
                0.7540671870217325,
                0.7545148454239363,
                0.7548266758494031,
                0.755153810835629,
                0.7554082491582491,
                0.7558099938781757,
                0.7560395622895623,
                0.7563475665748394,
                0.7565886134067951,
                0.7568966176920723,
                0.7571740128558311,
                0.7574227119681666,
                0.7576771502907866,
                0.7579354147535966,
                0.7581688093051729,
                0.7584404652586472,
                0.758681512090603,
                0.7588249923477197,
                0.7590354300581572,
                0.7592554331190695,
                0.7594276094276095,
                0.7596131772268137
            ],
            "ACCURACYs": [
                0.9413099870298314,
                0.7461089494163424,
                0.7370298313878081,
                0.8456549935149157,
                0.728923476005188,
                0.7409208819714657,
                0.7688067444876784,
                0.7140077821011673,
                0.7276264591439688,
                0.7350843060959793,
                0.74189364461738,
                0.7512970168612192,
                0.727302204928664,
                0.728923476005188,
                0.7292477302204928,
                0.7302204928664072,
                0.7308690012970168,
                0.7311932555123216,
                0.730544747081712,
                0.7311932555123216,
                0.7315175097276264,
                0.7315175097276264,
                0.7315175097276264,
                0.7311932555123216,
                0.7318417639429312,
                0.7315175097276264,
                0.7311932555123216,
                0.7311932555123216,
                0.7318417639429312,
                0.7315175097276264,
                0.7311932555123216,
                0.7308690012970168,
                0.7311932555123216,
                0.7311932555123216,
                0.7308690012970168,
                0.7315175097276264,
                0.7308690012970168,
                0.7311932555123216,
                0.7311932555123216,
                0.730544747081712,
                0.7298962386511024,
                0.7298962386511024,
                0.7298962386511024,
                0.7302204928664072,
                0.7308690012970168,
                0.730544747081712,
                0.7311932555123216,
                0.7318417639429312,
                0.7318417639429312,
                0.7318417639429312
            ],
            "F1s": [
                0.01092896174863388,
                0.2082912032355915,
                0.2118561710398445,
                0.2347266881028939,
                0.20833333333333334,
                0.21280788177339902,
                0.2156215621562156,
                0.20253164556962025,
                0.20754716981132076,
                0.2090997095837367,
                0.2134387351778656,
                0.218144750254842,
                0.20884289746001883,
                0.20683111954459202,
                0.2070275403608737,
                0.20761904761904762,
                0.20801526717557253,
                0.20972354623450906,
                0.2093244529019981,
                0.21122740247383445,
                0.21142857142857144,
                0.21142857142857144,
                0.21142857142857144,
                0.21122740247383445,
                0.2131303520456708,
                0.21292775665399238,
                0.2127255460588794,
                0.2127255460588794,
                0.2131303520456708,
                0.2144212523719165,
                0.21421800947867298,
                0.21401515151515152,
                0.21421800947867298,
                0.21421800947867298,
                0.21401515151515152,
                0.2159090909090909,
                0.21550094517958412,
                0.21570482497634816,
                0.21570482497634816,
                0.21529745042492918,
                0.21489161168708765,
                0.21489161168708765,
                0.21489161168708765,
                0.21509433962264152,
                0.2169811320754717,
                0.21825023518344308,
                0.21866163996229973,
                0.2190745986779981,
                0.2190745986779981,
                0.2190745986779981
            ]
        }
    ]
}