{
    "fed_avg_noniid": [
        {
            "losses": [
                0.6558798115499781,
                0.5421001883586487,
                0.5169546158155592,
                0.4872326857007103,
                0.4711540631059804,
                0.4711565056149655,
                0.4768206096273907,
                0.4750644829414816,
                0.47102971145040473,
                0.46843720971211433,
                0.4651340025958115,
                0.4678806499465144,
                0.4658395570695881,
                0.4653612801030432,
                0.46192331303958756,
                0.4620920294426659,
                0.45652739474443027,
                0.4591594593770913,
                0.45783923157930906,
                0.45387558297466796,
                0.45082708381652203,
                0.45640660183052184,
                0.4596047842531425,
                0.4592670695829205,
                0.46072772060252,
                0.45560179045623617,
                0.45709620636301895,
                0.45682998082971854,
                0.456636654658689,
                0.4524700475562708,
                0.4466132659041187,
                0.45592970201315325,
                0.45864211265374943,
                0.45531684284290347,
                0.45505405058976633,
                0.44968008557242606,
                0.45083544323747404,
                0.45284399809119347,
                0.4565369200004184,
                0.45382574113799545,
                0.45636382517561375,
                0.45428987957440986,
                0.45377002753511886,
                0.4504081463829382,
                0.4347695933094975,
                0.4509346396277447,
                0.46184783703194393,
                0.4551205349363498,
                0.46073796007977846,
                0.4698828364542168
            ],
            "ROC_AUCs": [
                0.7264069264069264,
                0.7730067400953478,
                0.7804811222532742,
                0.7985314263795276,
                0.8055235903337169,
                0.8060825250698668,
                0.807123678009754,
                0.8065537837689736,
                0.804405720861417,
                0.8061482820976491,
                0.8080442763987068,
                0.8070360019727109,
                0.8065318647597128,
                0.8072990300838403,
                0.8086908871718999,
                0.8073099895884706,
                0.8091621458710067,
                0.8098416351580908,
                0.8084278590607704,
                0.8076826127459039,
                0.8163954189270645,
                0.8115513178804319,
                0.8122198476628856,
                0.8108608690887171,
                0.8095676475423311,
                0.8112992492739328,
                0.8119020220286043,
                0.8109814236396515,
                0.8103019343525671,
                0.811332127787824,
                0.8170420297002575,
                0.8156172940983067,
                0.8135130692092717,
                0.8114855608526494,
                0.8108389500794565,
                0.8121650501397337,
                0.8199353389226808,
                0.8166474875335634,
                0.8132610006027727,
                0.8118143459915612,
                0.8127020658666229,
                0.8124061592416023,
                0.8118033864869308,
                0.812000657570278,
                0.8211737629459148,
                0.8175680859225164,
                0.8183462107512741,
                0.8187736314318593,
                0.8161871883390872,
                0.7898429681321406
            ],
            "ACCURACYs": [
                0.6807131280388979,
                0.7171799027552674,
                0.726904376012966,
                0.7455429497568882,
                0.747163695299838,
                0.7504051863857374,
                0.7487844408427877,
                0.7447325769854133,
                0.747163695299838,
                0.7487844408427877,
                0.752836304700162,
                0.747163695299838,
                0.747163695299838,
                0.7463533225283631,
                0.7479740680713128,
                0.7495948136142626,
                0.752836304700162,
                0.7463533225283631,
                0.7479740680713128,
                0.7544570502431118,
                0.7568881685575365,
                0.7520259319286872,
                0.7447325769854133,
                0.7487844408427877,
                0.7455429497568882,
                0.7512155591572123,
                0.7504051863857374,
                0.752836304700162,
                0.7495948136142626,
                0.7576985413290114,
                0.7560777957860616,
                0.7512155591572123,
                0.7504051863857374,
                0.7520259319286872,
                0.7520259319286872,
                0.7585089141004863,
                0.7593192868719612,
                0.7601296596434359,
                0.7504051863857374,
                0.7536466774716369,
                0.7512155591572123,
                0.752836304700162,
                0.7520259319286872,
                0.7520259319286872,
                0.7609400324149108,
                0.7722852512155591,
                0.7633711507293355,
                0.7601296596434359,
                0.7544570502431118,
                0.7561608300907912
            ],
            "F1s": [
                0.1991869918699187,
                0.23296703296703297,
                0.24608501118568232,
                0.25943396226415094,
                0.2641509433962264,
                0.26666666666666666,
                0.2688679245283019,
                0.26573426573426573,
                0.2676056338028169,
                0.2688679245283019,
                0.2755344418052256,
                0.27102803738317754,
                0.27102803738317754,
                0.26697892271662765,
                0.26823529411764707,
                0.2695035460992908,
                0.2720763723150358,
                0.2703962703962704,
                0.26823529411764707,
                0.2733812949640288,
                0.27884615384615385,
                0.27488151658767773,
                0.26573426573426573,
                0.2688679245283019,
                0.26635514018691586,
                0.27423167848699764,
                0.27358490566037735,
                0.2755344418052256,
                0.2695035460992908,
                0.27951807228915665,
                0.27817745803357313,
                0.27423167848699764,
                0.26666666666666666,
                0.2714285714285714,
                0.2714285714285714,
                0.28019323671497587,
                0.27383863080684595,
                0.2780487804878049,
                0.26666666666666666,
                0.2692307692307692,
                0.27078384798099764,
                0.2720763723150358,
                0.2714285714285714,
                0.2644230769230769,
                0.2751842751842752,
                0.28860759493670884,
                0.28078817733990147,
                0.2780487804878049,
                0.28028503562945367,
                0.23732251521298176
            ]
        }
    ]
}