{
    "fed_avg_noniid": [
        {
            "losses": [
                0.7390592288732666,
                0.6751487829893305,
                0.624561735957638,
                0.6566802313984283,
                0.6652378139211225,
                0.6366420499240903,
                0.5793091627560829,
                0.624290616696309,
                0.6059040033891061,
                0.615078837887862,
                0.6098465229073199,
                0.61534830721371,
                0.6257898280613733,
                0.6230929119479693,
                0.6105452725691178,
                0.6199260430813488,
                0.6108970259666253,
                0.6181424328650515,
                0.6095728610070237,
                0.620263995876786,
                0.6157234628954463,
                0.6054342990155058,
                0.6215700815165305,
                0.611402491055485,
                0.6086396157386385,
                0.6102063592297589,
                0.6067879560540489,
                0.6142907891944,
                0.6035514776620452,
                0.6144392939261216,
                0.5993569978191288,
                0.6160648928933491,
                0.6063830505541915,
                0.6073242569116096,
                0.6036506130123742,
                0.6074849853681453,
                0.5996193240078341,
                0.6092655378324615,
                0.5967658206185568,
                0.615978775607697,
                0.6041490734779125,
                0.5971208802430622,
                0.6065157985677091,
                0.5948561826715487,
                0.6138279896535902,
                0.6026774870785762,
                0.5955771843136052,
                0.6066515094529377,
                0.593430683004455,
                0.7692126793364682
            ],
            "ROC_AUCs": [
                0.5519596864501679,
                0.573894176931691,
                0.5895156774916013,
                0.5788213885778276,
                0.5856662933930571,
                0.5674552071668533,
                0.5933650615901456,
                0.5671472564389698,
                0.5575447928331467,
                0.5600643896976484,
                0.5537653975363942,
                0.5555991041433371,
                0.5609182530795074,
                0.5597564389697648,
                0.5561030235162374,
                0.5590845464725644,
                0.5558510638297872,
                0.5584826427771556,
                0.5557110862262038,
                0.5599384098544233,
                0.5585946248600224,
                0.5548012318029115,
                0.5663213885778275,
                0.5568309070548711,
                0.556536954087346,
                0.5568868980963045,
                0.5556690929451288,
                0.5591965285554311,
                0.5549552071668532,
                0.5649636058230684,
                0.5522256438969765,
                0.5650615901455767,
                0.5565929451287794,
                0.5559070548712206,
                0.5562010078387458,
                0.5570408734602464,
                0.5546052631578947,
                0.5642637178051512,
                0.5519456886898095,
                0.5589165733482643,
                0.5587206047032475,
                0.5545632698768197,
                0.5649216125419934,
                0.551917693169093,
                0.5591405375139977,
                0.5576987681970884,
                0.5545632698768197,
                0.5644456886898096,
                0.551595744680851,
                0.639317145737228
            ],
            "ACCURACYs": [
                0.562992125984252,
                0.6043307086614174,
                0.6348425196850394,
                0.6072834645669292,
                0.6053149606299213,
                0.6181102362204725,
                0.6791338582677166,
                0.640748031496063,
                0.640748031496063,
                0.6466535433070866,
                0.6417322834645669,
                0.6417322834645669,
                0.6368110236220472,
                0.6377952755905512,
                0.6437007874015748,
                0.6387795275590551,
                0.6456692913385826,
                0.639763779527559,
                0.6486220472440944,
                0.6387795275590551,
                0.6427165354330708,
                0.6505905511811023,
                0.6338582677165354,
                0.6496062992125984,
                0.6486220472440944,
                0.6515748031496063,
                0.6515748031496063,
                0.6486220472440944,
                0.6535433070866141,
                0.6417322834645669,
                0.6594488188976378,
                0.6387795275590551,
                0.655511811023622,
                0.6515748031496063,
                0.655511811023622,
                0.6525590551181102,
                0.6604330708661418,
                0.6505905511811023,
                0.6633858267716536,
                0.6427165354330708,
                0.65748031496063,
                0.6653543307086615,
                0.655511811023622,
                0.6673228346456693,
                0.6456692913385826,
                0.6584645669291339,
                0.6673228346456693,
                0.6535433070866141,
                0.6683070866141733,
                0.4082360570687419
            ],