{
    "global_iid": {
        "logloss_test": 0.4794045072144399,
        "roc_auc_test": 0.8000336613200667,
        "accuracy_test": 0.706549935149157,
        "f1_test": 0.23499577345731193
    },
    "local_1_iid": {
        "logloss_test": 0.4903118531526582,
        "roc_auc_test": 0.7843214257921719,
        "accuracy_test": 0.6861219195849546,
        "f1_test": 0.2329635499207607
    },
    "local_2_iid": {
        "logloss_test": 0.4296034691770713,
        "roc_auc_test": 0.790794895785639,
        "accuracy_test": 0.7227626459143969,
        "f1_test": 0.23180592991913745
    }
}