{
    "global_iid": {
        "logloss_test": 0.5055444741310344,
        "roc_auc_test": 0.8004734301790023,
        "accuracy_test": 0.690337224383917,
        "f1_test": 0.23416198877305533
    },
    "local_1_iid": {
        "logloss_test": 0.5174979291681301,
        "roc_auc_test": 0.7847901506253586,
        "accuracy_test": 0.669260700389105,
        "f1_test": 0.23076923076923078
    },
    "local_2_iid": {
        "logloss_test": 0.42805459866507056,
        "roc_auc_test": 0.7946460403610087,
        "accuracy_test": 0.7298962386511024,
        "f1_test": 0.23787740164684354
    }
}