{
    "global_iid": {
        "logloss_test": 0.5346538110046617,
        "roc_auc_test": 0.7864514996480039,
        "accuracy_test": 0.6611543450064851,
        "f1_test": 0.22649888971132495
    },
    "local_1_iid": {
        "logloss_test": 0.5415915505101981,
        "roc_auc_test": 0.7768851696548629,
        "accuracy_test": 0.6705577172503242,
        "f1_test": 0.22085889570552147
    },
    "local_2_iid": {
        "logloss_test": 0.5594989506378367,
        "roc_auc_test": 0.7751423819546368,
        "accuracy_test": 0.6799610894941635,
        "f1_test": 0.22344610542879623
    }
}