{
    "global_iid": {
        "logloss_test": 0.46976519836903896,
        "roc_auc_test": 0.8007086974697908,
        "roc_auc_val": 0.8881584354712189,
        "accuracy_test": 0.7389753566796369,
        "f1_test": 0.23696682464454977
    },
    "local_1_iid": {
        "logloss_test": 0.4654843990507697,
        "roc_auc_test": 0.7887082558911835,
        "roc_auc_val": 0.9067859204839068,
        "accuracy_test": 0.7584306095979247,
        "f1_test": 0.22637590861889928
    },
    "local_2_iid": {
        "logloss_test": 0.4376156930574717,
        "roc_auc_test": 0.7829043928022688,
        "roc_auc_val": 0.9061966739162732,
        "accuracy_test": 0.7723735408560312,
        "f1_test": 0.23529411764705882
    }
}