{
    "global_iid": {
        "logloss_test": 0.4781096767778934,
        "roc_auc_test": 0.8012570512321673,
        "accuracy_test": 0.7169260700389105,
        "f1_test": 0.24415584415584415
    },
    "local_1_iid": {
        "logloss_test": 0.48919148845890553,
        "roc_auc_test": 0.7885073738198178,
        "accuracy_test": 0.6987678339818417,
        "f1_test": 0.23789991796554552
    },
    "local_2_iid": {
        "logloss_test": 0.49504545917222564,
        "roc_auc_test": 0.789198697705058,
        "accuracy_test": 0.6867704280155642,
        "f1_test": 0.22843450479233227
    }
}