{
    "global_noniid": {
        "logloss_test": 0.6488313410033542,
        "roc_auc_test": 0.6484437068714337,
        "accuracy_test": 0.6695849546044098,
        "f1_test": 0.17221770917952883
    },
    "local_1_noniid": {
        "logloss_test": 0.6726801760504125,
        "roc_auc_test": 0.5855368528113537,
        "accuracy_test": 0.6864461738002594,
        "f1_test": 0.1419698314108252
    },
    "local_2_noniid": {
        "logloss_test": 0.6247076551876444,
        "roc_auc_test": 0.6155080959094257,
        "accuracy_test": 0.7999351491569391,
        "f1_test": 0.14661134163208853
    }
}