{
    "global_noniid": {
        "logloss_test": 0.715244364022098,
        "roc_auc_test": 0.6652490304272998,
        "accuracy_test": 0.48151750972762647,
        "f1_test": 0.14992025518341306
    },
    "local_1_noniid": {
        "logloss_test": 0.6936349422222312,
        "roc_auc_test": 0.637279369049321,
        "accuracy_test": 0.5363164721141375,
        "f1_test": 0.1508313539192399
    },
    "local_2_noniid": {
        "logloss_test": 0.5885351867256455,
        "roc_auc_test": 0.67024393598558,
        "accuracy_test": 0.7104409857328146,
        "f1_test": 0.17695852534562212
    }
}