{
    "global_noniid": {
        "logloss_test": 0.7208931453916773,
        "roc_auc_test": 0.6781048133877947,
        "accuracy_test": 0.4727626459143969,
        "f1_test": 0.1566390041493776
    },
    "local_1_noniid": {
        "logloss_test": 0.6522071489910247,
        "roc_auc_test": 0.6574309173795567,
        "accuracy_test": 0.6167315175097277,
        "f1_test": 0.1652542372881356
    },
    "local_2_noniid": {
        "logloss_test": 0.6455175359729124,
        "roc_auc_test": 0.6543821609481634,
        "accuracy_test": 0.6261348897535668,
        "f1_test": 0.1722900215362527
    }
}