{
    "global_noniid": {
        "logloss_test": 0.9350888241619613,
        "roc_auc_test": 0.7012811208857632,
        "roc_auc_val": 0.8037167033077062,
        "accuracy_test": 0.2833981841763943,
        "f1_test": 0.1414141414141414
    },
    "local_1_noniid": {
        "logloss_test": 0.7355002888464333,
        "roc_auc_test": 0.6828434042815027,
        "roc_auc_val": 0.8186147152534146,
        "accuracy_test": 0.48151750972762647,
        "f1_test": 0.15441565309360128
    },
    "local_2_noniid": {
        "logloss_test": 0.7174676550011121,
        "roc_auc_test": 0.6432877337063828,
        "roc_auc_val": 0.866542485933594,
        "accuracy_test": 0.5110246433203631,
        "f1_test": 0.15090090090090091
    }
}