{
    "global_noniid": {
        "logloss_test": 0.5637287982653107,
        "roc_auc_test": 0.6781615851948104,
        "accuracy_test": 0.7616731517509727,
        "f1_test": 0.1787709497206704
    },
    "local_1_noniid": {
        "logloss_test": 0.5794322261409747,
        "roc_auc_test": 0.6519428553848158,
        "accuracy_test": 0.7603761348897535,
        "f1_test": 0.17614269788182832
    },
    "local_2_noniid": {
        "logloss_test": 0.5745804880720978,
        "roc_auc_test": 0.6554069128769027,
        "accuracy_test": 0.7373540856031129,
        "f1_test": 0.19161676646706588
    }
}