{
    "global_noniid": {
        "logloss_test": 0.9318750341593837,
        "roc_auc_test": 0.6716881152013435,
        "roc_auc_val": 0.7935828045809219,
        "accuracy_test": 0.2928015564202335,
        "f1_test": 0.14032321639731968
    },
    "local_1_noniid": {
        "logloss_test": 0.7596722573458764,
        "roc_auc_test": 0.6789922597061331,
        "roc_auc_val": 0.8176714235925342,
        "accuracy_test": 0.4691958495460441,
        "f1_test": 0.15225271879854999
    },
    "local_2_noniid": {
        "logloss_test": 0.7644596675622419,
        "roc_auc_test": 0.659155607595876,
        "roc_auc_val": 0.8634247872232297,
        "accuracy_test": 0.46271076523994814,
        "f1_test": 0.15502294747577766
    }
}