{
    "global_noniid": {
        "logloss_test": 0.9890315029778818,
        "roc_auc_test": 0.6928495031335793,
        "roc_auc_val": 0.8038109563173984,
        "accuracy_test": 0.22211413748378728,
        "f1_test": 0.13048205871692642
    },
    "local_1_noniid": {
        "logloss_test": 0.7425190062826978,
        "roc_auc_test": 0.6996378693470248,
        "roc_auc_val": 0.7600843077024706,
        "accuracy_test": 0.47405966277561606,
        "f1_test": 0.15958549222797927
    },
    "local_2_noniid": {
        "logloss_test": 0.6379300901954864,
        "roc_auc_test": 0.6705895979282,
        "roc_auc_val": 0.8608217100458614,
        "accuracy_test": 0.6131647211413749,
        "f1_test": 0.16045038705137227
    }
}